{"cameraMode":{"drawMode":0,"name":"Shaded","section":"Shading Mode"},"sceneLighting":false,"audioPlay":false,"sceneViewState":{"m_AlwaysRefresh":false,"showFog":true,"showSkybox":false,"showFlares":true,"showImageEffects":true,"showParticleSystems":true,"showVisualEffectGraphs":true,"m_FxEnabled":true},"in2DMode":false,"pivot":{"x":-0.543742299079895,"y":0.3137611150741577,"z":0.18752849102020265},"rotation":{"x":-0.37387344241142275,"y":-0.18805280327796937,"z":0.07769819349050522,"w":-0.9048864245414734},"size":1.0982022285461426,"orthographic":false}