{"cameraMode":{"drawMode":0,"name":"Shaded","section":"Shading Mode"},"sceneLighting":false,"audioPlay":false,"sceneViewState":{"m_AlwaysRefresh":false,"showFog":true,"showSkybox":false,"showFlares":true,"showImageEffects":true,"showParticleSystems":true,"showVisualEffectGraphs":true,"m_FxEnabled":true},"in2DMode":false,"pivot":{"x":-0.42991358041763308,"y":-0.34832555055618288,"z":-0.28781217336654665},"rotation":{"x":0.06619487702846527,"y":-0.8815828561782837,"z":0.44892388582229617,"w":0.12999214231967927},"size":0.8660253882408142,"orthographic":false}