{"cameraMode":{"drawMode":0,"name":"Shaded","section":"Shading Mode"},"sceneLighting":false,"audioPlay":false,"sceneViewState":{"m_AlwaysRefresh":false,"showFog":true,"showSkybox":false,"showFlares":true,"showImageEffects":true,"showParticleSystems":true,"showVisualEffectGraphs":true,"m_FxEnabled":true},"in2DMode":false,"pivot":{"x":-0.4464150071144104,"y":0.5743257999420166,"z":0.06560778617858887},"rotation":{"x":0.1984545737504959,"y":-0.07636173814535141,"z":0.015510891564190388,"w":0.9770094156265259},"size":1.1615875959396363,"orthographic":false}