{"cameraMode":{"drawMode":0,"name":"Shaded","section":"Shading Mode"},"sceneLighting":false,"audioPlay":false,"sceneViewState":{"m_AlwaysRefresh":false,"showFog":true,"showSkybox":false,"showFlares":true,"showImageEffects":true,"showParticleSystems":true,"showVisualEffectGraphs":true,"m_FxEnabled":true},"in2DMode":false,"pivot":{"x":0.9358310699462891,"y":3.078303098678589,"z":-1.8099250793457032},"rotation":{"x":0.022306734696030618,"y":-0.44426265358924868,"z":0.011057000607252121,"w":0.8955628275871277},"size":3.575557231903076,"orthographic":false}