{"cameraMode":{"drawMode":0,"name":"Shaded","section":"Shading Mode"},"sceneLighting":true,"audioPlay":false,"sceneViewState":{"m_AlwaysRefresh":false,"showFog":true,"showSkybox":true,"showFlares":true,"showImageEffects":true,"showParticleSystems":true,"showVisualEffectGraphs":true,"m_FxEnabled":true},"in2DMode":false,"pivot":{"x":362.628173828125,"y":251.18838500976563,"z":72.46649169921875},"rotation":{"x":0.07133597880601883,"y":0.005984749644994736,"z":-0.00042801990639418364,"w":0.9974349141120911},"size":280.84344482421877,"orthographic":false}