{"cameraMode":{"drawMode":0,"name":"Shaded","section":"Shading Mode"},"sceneLighting":true,"audioPlay":false,"sceneViewState":{"m_AlwaysRefresh":false,"showFog":true,"showSkybox":true,"showFlares":true,"showImageEffects":true,"showParticleSystems":true,"showVisualEffectGraphs":true,"m_FxEnabled":true},"in2DMode":false,"pivot":{"x":16.245052337646486,"y":5.967616081237793,"z":4.718057632446289},"rotation":{"x":0.24841567873954774,"y":-0.05082634091377258,"z":0.013053820468485356,"w":0.967231273651123},"size":2.251432418823242,"orthographic":false}