{"cameraMode":{"drawMode":0,"name":"Shaded","section":"Shading Mode"},"sceneLighting":true,"audioPlay":false,"sceneViewState":{"m_AlwaysRefresh":false,"showFog":true,"showSkybox":true,"showFlares":true,"showImageEffects":true,"showParticleSystems":true,"showVisualEffectGraphs":true,"m_FxEnabled":true},"in2DMode":false,"pivot":{"x":18.843271255493165,"y":-6.590610504150391,"z":28.665904998779298},"rotation":{"x":0.33957695960998537,"y":-0.012697272002696991,"z":0.004584568552672863,"w":0.9404813647270203},"size":19.82339096069336,"orthographic":false}