{"cameraMode":{"drawMode":0,"name":"Shaded","section":"Shading Mode"},"sceneLighting":true,"audioPlay":false,"sceneViewState":{"m_AlwaysRefresh":false,"showFog":true,"showSkybox":true,"showFlares":true,"showImageEffects":true,"showParticleSystems":true,"showVisualEffectGraphs":true,"m_FxEnabled":true},"in2DMode":false,"pivot":{"x":37.02703857421875,"y":-1.0139503479003907,"z":60.474342346191409},"rotation":{"x":-0.3217405378818512,"y":0.11943437904119492,"z":-0.04095045104622841,"w":-0.9383729696273804},"size":17.341075897216798,"orthographic":false}