{"cameraMode":{"drawMode":0,"name":"Shaded","section":"Shading Mode"},"sceneLighting":true,"audioPlay":false,"sceneViewState":{"m_AlwaysRefresh":false,"showFog":true,"showSkybox":true,"showFlares":true,"showImageEffects":true,"showParticleSystems":true,"showVisualEffectGraphs":true,"m_FxEnabled":true},"in2DMode":false,"pivot":{"x":14.689653396606446,"y":-1.611696720123291,"z":14.770368576049805},"rotation":{"x":0.43351325392723086,"y":-0.24328134953975678,"z":0.12278345972299576,"w":0.8589577078819275},"size":4.007173538208008,"orthographic":false}