{"cameraMode":{"drawMode":0,"name":"Shaded","section":"Shading Mode"},"sceneLighting":false,"audioPlay":false,"sceneViewState":{"m_AlwaysRefresh":false,"showFog":true,"showSkybox":false,"showFlares":true,"showImageEffects":true,"showParticleSystems":true,"showVisualEffectGraphs":true,"m_FxEnabled":true},"in2DMode":false,"pivot":{"x":0.07109275460243225,"y":-2.822603225708008,"z":1.5190317630767823},"rotation":{"x":-0.29434704780578616,"y":0.014905299060046673,"z":-0.004591352306306362,"w":-0.9555718302726746},"size":5.102755546569824,"orthographic":false}