{"cameraMode":{"drawMode":0,"name":"Shaded","section":"Shading Mode"},"sceneLighting":false,"audioPlay":false,"sceneViewState":{"m_AlwaysRefresh":false,"showFog":true,"showSkybox":false,"showFlares":true,"showImageEffects":true,"showParticleSystems":true,"showVisualEffectGraphs":true,"m_FxEnabled":true},"in2DMode":false,"pivot":{"x":0.5710058212280273,"y":1.6182548999786378,"z":-0.010311335325241089},"rotation":{"x":0.22389687597751618,"y":0.5683009028434753,"z":-0.16427843272686006,"w":0.7745479941368103},"size":0.8216778635978699,"orthographic":false}