{"cameraMode":{"drawMode":0,"name":"Shaded","section":"Shading Mode"},"sceneLighting":false,"audioPlay":false,"sceneViewState":{"m_AlwaysRefresh":false,"showFog":true,"showSkybox":false,"showFlares":true,"showImageEffects":true,"showParticleSystems":true,"showVisualEffectGraphs":true,"m_FxEnabled":true},"in2DMode":false,"pivot":{"x":0.30316829681396487,"y":0.32264482975006106,"z":-0.010342150926589966},"rotation":{"x":0.2616485059261322,"y":0.5805795788764954,"z":-0.20432625710964204,"w":0.7434525489807129},"size":1.1280174255371094,"orthographic":false}