{"cameraMode":{"drawMode":0,"name":"Shaded","section":"Shading Mode"},"sceneLighting":true,"audioPlay":false,"sceneViewState":{"m_AlwaysRefresh":false,"showFog":true,"showSkybox":true,"showFlares":true,"showImageEffects":true,"showParticleSystems":true,"showVisualEffectGraphs":true,"m_FxEnabled":true},"in2DMode":false,"pivot":{"x":3.726792812347412,"y":8.433534622192383,"z":116.06749725341797},"rotation":{"x":0.030887141823768617,"y":0.01948944665491581,"z":-0.000602363666985184,"w":0.9993329048156738},"size":70.60248565673828,"orthographic":false}