{"cameraMode":{"drawMode":0,"name":"Shaded","section":"Shading Mode"},"sceneLighting":false,"audioPlay":false,"sceneViewState":{"m_AlwaysRefresh":false,"showFog":true,"showSkybox":false,"showFlares":true,"showImageEffects":true,"showParticleSystems":true,"showVisualEffectGraphs":true,"m_FxEnabled":true},"in2DMode":false,"pivot":{"x":-0.002712070941925049,"y":0.3824208676815033,"z":-0.04320460557937622},"rotation":{"x":-0.47919127345085146,"y":-0.06649915874004364,"z":0.036441925913095477,"w":-0.8744302988052368},"size":0.771297812461853,"orthographic":false}