{"cameraMode":{"drawMode":0,"name":"Shaded","section":"Shading Mode"},"sceneLighting":false,"audioPlay":false,"sceneViewState":{"m_AlwaysRefresh":false,"showFog":true,"showSkybox":false,"showFlares":true,"showImageEffects":true,"showParticleSystems":true,"showVisualEffectGraphs":true,"m_FxEnabled":true},"in2DMode":false,"pivot":{"x":0.008892759680747986,"y":0.30000001192092898,"z":0.0019990652799606325},"rotation":{"x":0.4651908278465271,"y":0.011949680745601654,"z":-0.006280458066612482,"w":0.885107696056366},"size":0.373437762260437,"orthographic":false}