{"cameraMode":{"drawMode":0,"name":"Shaded","section":"Shading Mode"},"sceneLighting":false,"audioPlay":false,"sceneViewState":{"m_AlwaysRefresh":false,"showFog":true,"showSkybox":false,"showFlares":true,"showImageEffects":true,"showParticleSystems":true,"showVisualEffectGraphs":true,"m_FxEnabled":true},"in2DMode":false,"pivot":{"x":0.32183101773262026,"y":0.3763696253299713,"z":0.19647948443889619},"rotation":{"x":0.24841567873954774,"y":-0.05082634091377258,"z":0.013053820468485356,"w":0.967231273651123},"size":0.6648505926132202,"orthographic":false}