{"cameraMode":{"drawMode":0,"name":"Shaded","section":"Shading Mode"},"sceneLighting":false,"audioPlay":false,"sceneViewState":{"m_AlwaysRefresh":false,"showFog":true,"showSkybox":false,"showFlares":true,"showImageEffects":true,"showParticleSystems":true,"showVisualEffectGraphs":true,"m_FxEnabled":true},"in2DMode":false,"pivot":{"x":-0.2673913240432739,"y":0.2329094409942627,"z":-0.03530228137969971},"rotation":{"x":0.24841567873954774,"y":-0.05082634091377258,"z":0.013053820468485356,"w":0.967231273651123},"size":0.7514325976371765,"orthographic":false}