{"cameraMode":{"drawMode":0,"name":"Shaded","section":"Shading Mode"},"sceneLighting":false,"audioPlay":false,"sceneViewState":{"m_AlwaysRefresh":false,"showFog":true,"showSkybox":false,"showFlares":true,"showImageEffects":true,"showParticleSystems":true,"showVisualEffectGraphs":true,"m_FxEnabled":true},"in2DMode":false,"pivot":{"x":0.049845412373542789,"y":0.08302026242017746,"z":-0.12714505195617677},"rotation":{"x":-0.3267371654510498,"y":-0.5107756853103638,"z":0.21824954450130464,"w":-0.7646717429161072},"size":0.5275344848632813,"orthographic":false}