{"cameraMode":{"drawMode":0,"name":"Shaded","section":"Shading Mode"},"sceneLighting":false,"audioPlay":false,"sceneViewState":{"m_AlwaysRefresh":false,"showFog":true,"showSkybox":false,"showFlares":true,"showImageEffects":true,"showParticleSystems":true,"showVisualEffectGraphs":true,"m_FxEnabled":true},"in2DMode":false,"pivot":{"x":-0.4072348475456238,"y":0.47647619247436526,"z":0.41436564922332766},"rotation":{"x":0.4098191559314728,"y":-0.16542166471481324,"z":0.07584547251462937,"w":0.8938302397727966},"size":0.7900877594947815,"orthographic":false}