{"cameraMode":{"drawMode":0,"name":"Shaded","section":"Shading Mode"},"sceneLighting":false,"audioPlay":false,"sceneViewState":{"m_AlwaysRefresh":false,"showFog":true,"showSkybox":false,"showFlares":true,"showImageEffects":true,"showParticleSystems":true,"showVisualEffectGraphs":true,"m_FxEnabled":true},"in2DMode":false,"pivot":{"x":-0.7764025926589966,"y":0.27676036953926089,"z":-0.16516059637069703},"rotation":{"x":0.1904270201921463,"y":0.11310607194900513,"z":-0.022093383595347406,"w":0.974916934967041},"size":0.255873441696167,"orthographic":false}