{"cameraMode":{"drawMode":0,"name":"Shaded","section":"Shading Mode"},"sceneLighting":false,"audioPlay":false,"sceneViewState":{"m_AlwaysRefresh":false,"showFog":true,"showSkybox":false,"showFlares":true,"showImageEffects":true,"showParticleSystems":true,"showVisualEffectGraphs":true,"m_FxEnabled":true},"in2DMode":false,"pivot":{"x":-0.08858135342597962,"y":-0.2502025365829468,"z":0.4945793151855469},"rotation":{"x":0.3469525873661041,"y":-0.2233709692955017,"z":0.08545670658349991,"w":0.906879723072052},"size":3.7141425609588625,"orthographic":false}