{"cameraMode":{"drawMode":0,"name":"Shaded","section":"Shading Mode"},"sceneLighting":false,"audioPlay":false,"sceneViewState":{"m_AlwaysRefresh":false,"showFog":true,"showSkybox":false,"showFlares":true,"showImageEffects":true,"showParticleSystems":true,"showVisualEffectGraphs":true,"m_FxEnabled":true},"in2DMode":false,"pivot":{"x":-0.6548727750778198,"y":-1.6941637992858887,"z":-1.4677879810333253},"rotation":{"x":-0.36101916432380679,"y":-0.08043025434017182,"z":0.03127063438296318,"w":-0.9285598397254944},"size":3.7625515460968019,"orthographic":false}