{"cameraMode":{"drawMode":0,"name":"Shaded","section":"Shading Mode"},"sceneLighting":false,"audioPlay":false,"sceneViewState":{"m_AlwaysRefresh":false,"showFog":true,"showSkybox":false,"showFlares":true,"showImageEffects":true,"showParticleSystems":true,"showVisualEffectGraphs":true,"m_FxEnabled":true},"in2DMode":false,"pivot":{"x":0.03602564334869385,"y":1.3340167999267579,"z":1.0867624282836915},"rotation":{"x":0.33300793170928957,"y":-0.04523693770170212,"z":0.01599605567753315,"w":0.9417059421539307},"size":5.366025924682617,"orthographic":false}