{"cameraMode":{"drawMode":0,"name":"Shaded","section":"Shading Mode"},"sceneLighting":false,"audioPlay":false,"sceneViewState":{"m_AlwaysRefresh":false,"showFog":true,"showSkybox":false,"showFlares":true,"showImageEffects":true,"showParticleSystems":true,"showVisualEffectGraphs":true,"m_FxEnabled":true},"in2DMode":false,"pivot":{"x":5.960464477539063e-8,"y":0.838184118270874,"z":-0.04404188692569733},"rotation":{"x":0.19739662110805512,"y":-0.1725011020898819,"z":0.035308439284563068,"w":0.964383065700531},"size":1.2511438131332398,"orthographic":false}