{"cameraMode":{"drawMode":0,"name":"Shaded","section":"Shading Mode"},"sceneLighting":false,"audioPlay":false,"sceneViewState":{"m_AlwaysRefresh":false,"showFog":true,"showSkybox":false,"showFlares":true,"showImageEffects":true,"showParticleSystems":true,"showVisualEffectGraphs":true,"m_FxEnabled":true},"in2DMode":false,"pivot":{"x":-1.052199125289917,"y":0.6818837523460388,"z":0.228249192237854},"rotation":{"x":0.24843497574329377,"y":-0.04937543720006943,"z":0.012681182473897934,"w":0.9673064351081848},"size":0.7960798144340515,"orthographic":false}