{"cameraMode":{"drawMode":0,"name":"Shaded","section":"Shading Mode"},"sceneLighting":false,"audioPlay":false,"sceneViewState":{"m_AlwaysRefresh":false,"showFog":true,"showSkybox":false,"showFlares":true,"showImageEffects":true,"showParticleSystems":true,"showVisualEffectGraphs":true,"m_FxEnabled":true},"in2DMode":false,"pivot":{"x":0.9531962871551514,"y":-0.2212098240852356,"z":0.020776867866516115},"rotation":{"x":0.30762597918510439,"y":-0.20341752469539643,"z":0.0675002858042717,"w":0.9270556569099426},"size":1.311284065246582,"orthographic":false}