{"cameraMode":{"drawMode":0,"name":"Shaded","section":"Shading Mode"},"sceneLighting":false,"audioPlay":false,"sceneViewState":{"m_AlwaysRefresh":false,"showFog":true,"showSkybox":false,"showFlares":true,"showImageEffects":true,"showParticleSystems":true,"showVisualEffectGraphs":true,"m_FxEnabled":true},"in2DMode":false,"pivot":{"x":0.09878124296665192,"y":0.1308627873659134,"z":-0.053175583481788638},"rotation":{"x":-0.47919127345085146,"y":-0.06649915874004364,"z":0.036441925913095477,"w":-0.8744302988052368},"size":0.6923201680183411,"orthographic":false}