{"cameraMode":{"drawMode":0,"name":"Shaded","section":"Shading Mode"},"sceneLighting":false,"audioPlay":false,"sceneViewState":{"m_AlwaysRefresh":false,"showFog":true,"showSkybox":false,"showFlares":true,"showImageEffects":true,"showParticleSystems":true,"showVisualEffectGraphs":true,"m_FxEnabled":true},"in2DMode":false,"pivot":{"x":0.44672977924346926,"y":0.3981935977935791,"z":1.0007634162902833},"rotation":{"x":0.5191529989242554,"y":-0.14090870320796967,"z":0.08724652230739594,"w":0.8384620547294617},"size":2.2088723182678224,"orthographic":false}