{"cameraMode":{"drawMode":0,"name":"Shaded","section":"Shading Mode"},"sceneLighting":false,"audioPlay":false,"sceneViewState":{"m_AlwaysRefresh":false,"showFog":true,"showSkybox":false,"showFlares":true,"showImageEffects":true,"showParticleSystems":true,"showVisualEffectGraphs":true,"m_FxEnabled":true},"in2DMode":false,"pivot":{"x":-0.006207749247550964,"y":0.07890009880065918,"z":0.0000012367963790893555},"rotation":{"x":0.33300793170928957,"y":-0.04523693770170212,"z":0.01599605567753315,"w":0.9417059421539307},"size":4.323995590209961,"orthographic":false}