{"cameraMode":{"drawMode":0,"name":"Shaded","section":"Shading Mode"},"sceneLighting":false,"audioPlay":false,"sceneViewState":{"m_AlwaysRefresh":false,"showFog":true,"showSkybox":false,"showFlares":true,"showImageEffects":true,"showParticleSystems":true,"showVisualEffectGraphs":true,"m_FxEnabled":true},"in2DMode":false,"pivot":{"x":5.960464477539063e-8,"y":0.838184118270874,"z":-0.04404188692569733},"rotation":{"x":-0.03180301561951637,"y":0.008092870935797692,"z":-0.00025757652474567294,"w":-0.9994621872901917},"size":1.2511438131332398,"orthographic":false}