{"cameraMode":{"drawMode":0,"name":"Shaded","section":"Shading Mode"},"sceneLighting":false,"audioPlay":false,"sceneViewState":{"m_AlwaysRefresh":false,"showFog":true,"showSkybox":false,"showFlares":true,"showImageEffects":true,"showParticleSystems":true,"showVisualEffectGraphs":true,"m_FxEnabled":true},"in2DMode":false,"pivot":{"x":-0.3788107633590698,"y":-0.18505549430847169,"z":0.18374037742614747},"rotation":{"x":-0.20447030663490296,"y":0.5738006830215454,"z":-0.15068484842777253,"w":-0.7786144614219666},"size":1.2164511680603028,"orthographic":false}