{"cameraMode":{"drawMode":0,"name":"Shaded","section":"Shading Mode"},"sceneLighting":false,"audioPlay":false,"sceneViewState":{"m_AlwaysRefresh":false,"showFog":true,"showSkybox":false,"showFlares":true,"showImageEffects":true,"showParticleSystems":true,"showVisualEffectGraphs":true,"m_FxEnabled":true},"in2DMode":false,"pivot":{"x":-2.9802322387695315e-8,"y":0.3836185336112976,"z":0.01794719696044922},"rotation":{"x":0.42076191306114199,"y":-0.05030550807714462,"z":0.023376287892460824,"w":0.9054741263389587},"size":0.555873453617096,"orthographic":false}