{"cameraMode":{"drawMode":0,"name":"Shaded","section":"Shading Mode"},"sceneLighting":false,"audioPlay":false,"sceneViewState":{"m_AlwaysRefresh":false,"showFog":true,"showSkybox":false,"showFlares":true,"showImageEffects":true,"showParticleSystems":true,"showVisualEffectGraphs":true,"m_FxEnabled":true},"in2DMode":false,"pivot":{"x":2.980232238769531e-7,"y":0.7520066499710083,"z":-0.04575163125991821},"rotation":{"x":-0.03180301561951637,"y":0.008092870935797692,"z":-0.00025757652474567294,"w":-0.9994621872901917},"size":1.1238200664520264,"orthographic":false}