{"cameraMode":{"drawMode":0,"name":"Shaded","section":"Shading Mode"},"sceneLighting":true,"audioPlay":false,"sceneViewState":{"m_AlwaysRefresh":false,"showFog":true,"showSkybox":true,"showFlares":true,"showImageEffects":true,"showParticleSystems":true,"showVisualEffectGraphs":true,"m_FxEnabled":true},"in2DMode":false,"pivot":{"x":21.60664939880371,"y":-1.7477772235870362,"z":38.16103744506836},"rotation":{"x":-0.29434704780578616,"y":0.014905299060046673,"z":-0.004591352306306362,"w":-0.9555718302726746},"size":3.358109712600708,"orthographic":false}