{"cameraMode":{"drawMode":0,"name":"Shaded","section":"Shading Mode"},"sceneLighting":false,"audioPlay":false,"sceneViewState":{"m_AlwaysRefresh":false,"showFog":true,"showSkybox":false,"showFlares":true,"showImageEffects":true,"showParticleSystems":true,"showVisualEffectGraphs":true,"m_FxEnabled":true},"in2DMode":false,"pivot":{"x":-3.4546496868133547,"y":0.9371349215507507,"z":-2.766460418701172},"rotation":{"x":-0.1137593612074852,"y":-0.8577990531921387,"z":0.21566319465637208,"w":-0.45247557759284975},"size":0.35601645708084109,"orthographic":false}