{"cameraMode":{"drawMode":0,"name":"Shaded","section":"Shading Mode"},"sceneLighting":true,"audioPlay":false,"sceneViewState":{"m_AlwaysRefresh":false,"showFog":true,"showSkybox":true,"showFlares":true,"showImageEffects":true,"showParticleSystems":true,"showVisualEffectGraphs":true,"m_FxEnabled":true},"in2DMode":false,"pivot":{"x":-96.00639343261719,"y":138.30056762695313,"z":25.446304321289064},"rotation":{"x":-0.24382342398166657,"y":0.0049431901425123219,"z":-0.0012430339120328427,"w":-0.9698064923286438},"size":236.11778259277345,"orthographic":false}