{"cameraMode":{"drawMode":0,"name":"Shaded","section":"Shading Mode"},"sceneLighting":true,"audioPlay":false,"sceneViewState":{"m_AlwaysRefresh":false,"showFog":true,"showSkybox":true,"showFlares":true,"showImageEffects":true,"showParticleSystems":true,"showVisualEffectGraphs":true,"m_FxEnabled":true},"in2DMode":false,"pivot":{"x":-1.4554269313812256,"y":0.18756425380706788,"z":-0.976015567779541},"rotation":{"x":0.001592591986991465,"y":-0.997047483921051,"z":0.07372581213712692,"w":0.02154683507978916},"size":1.7232556343078614,"orthographic":false}