{"cameraMode":{"drawMode":0,"name":"Shaded","section":"Shading Mode"},"sceneLighting":false,"audioPlay":false,"sceneViewState":{"m_AlwaysRefresh":false,"showFog":true,"showSkybox":false,"showFlares":true,"showImageEffects":true,"showParticleSystems":true,"showVisualEffectGraphs":true,"m_FxEnabled":true},"in2DMode":false,"pivot":{"x":1.3650627136230469,"y":0.17543768882751466,"z":0.032906174659729007},"rotation":{"x":-0.18281534314155579,"y":-0.09950562566518784,"z":0.01860172487795353,"w":-0.9779230952262878},"size":0.7514325380325317,"orthographic":false}