{"cameraMode":{"drawMode":0,"name":"Shaded","section":"Shading Mode"},"sceneLighting":false,"audioPlay":false,"sceneViewState":{"m_AlwaysRefresh":false,"showFog":true,"showSkybox":false,"showFlares":true,"showImageEffects":true,"showParticleSystems":true,"showVisualEffectGraphs":true,"m_FxEnabled":true},"in2DMode":false,"pivot":{"x":0.6290159821510315,"y":0.9133948087692261,"z":0.08963637053966522},"rotation":{"x":-0.03180301561951637,"y":0.008092870935797692,"z":-0.00025757652474567294,"w":-0.9994621872901917},"size":1.1536303758621216,"orthographic":false}