{"cameraMode":{"drawMode":0,"name":"Shaded","section":"Shading Mode"},"sceneLighting":false,"audioPlay":false,"sceneViewState":{"m_AlwaysRefresh":false,"showFog":true,"showSkybox":false,"showFlares":true,"showImageEffects":true,"showParticleSystems":true,"showVisualEffectGraphs":true,"m_FxEnabled":true},"in2DMode":false,"pivot":{"x":1.1920928955078126e-7,"y":0.798606812953949,"z":-0.004794716835021973},"rotation":{"x":0.19739662110805512,"y":-0.1725011020898819,"z":0.035308439284563068,"w":0.964383065700531},"size":1.1615875959396363,"orthographic":false}